min_corisk,q1_corisk,median_corisk,mean_corisk,q3_corisk,max_corisk
0.0030050884419998126,0.29791763884563327,0.432934526030455,0.45744083102614075,0.6555415390891668,0.9335513132453273
