model,dic,waic,mean_neg_log_cpo
"Admissions, joint-service",1187.5909319697528,1262.9169982608075,17.889017906261653
"Deaths, joint-service",622.7555410344826,660.3943760592246,Inf
