mean_sv_nbs,median_sv_nbs,mean_sv_hu,median_sv_hu,mean_sv_tr,median_sv_tr,mean_sv_cl,median_sv_cl
0.3517464065655681,0.34830437814414783,0.3736231972436244,0.3748930816020136,0.2654975142911383,0.12474521395926166,0.2783739424379221,0.214233850882939
