min_sv,q1_sv,median_sv,mean_sv,q3_sv,max_sv
0,0.09747254453523196,0.31019445963296866,0.31731026513456323,0.48735499205317623,0.905290015601075
