mean_corisk,mean_service_access_norm,mean_coverage_need_gap,median_coverage_need_gap,max_coverage_need_gap
0.45744083102614075,0.2669642857142857,0.190476545311855,0.2053942860713266,0.905290015601075
